{
    "runtimeOptions":  {
                           "tfm":  "net8.0",
                           "frameworks":  [
                                              {
                                                  "name":  "Microsoft.WindowsDesktop.App",
                                                  "version":  "8.0.8"
                                              }
                                          ],
                           "configProperties":  {
                                                    "System.Reflection.Metadata.MetadataUpdater.IsSupported":  false,
                                                    "System.Runtime.Serialization.EnableUnsafeBinaryFormatterSerialization":  true
                                                }
                       }
}
